{"train/psnr": 18.651260375976562, "train/loss": 0.02735735848546028, "_timestamp": 1651606623, "_runtime": 34, "_step": 0}