{"train/psnr": 10.086994171142578, "train/loss": 0.3585042655467987, "_timestamp": 1651387605, "_runtime": 33, "_step": 3, "_wandb": {"runtime": 598}}