{"train/psnr": 43.98255157470703, "train/loss": 0.00012685361434705555, "_timestamp": 1651615172, "_runtime": 8487, "_step": 498, "_wandb": {"runtime": 8603}}