{"train/psnr": 48.89471435546875, "train/loss": 3.383996227057651e-05, "_timestamp": 1651515483, "_runtime": 19555, "_step": 1824, "Intermediate Videos": {"_type": "video-file", "sha256": "1adc5cde36fe8b1c53cecf5d4971642f212145342bf2cf9ba06195555898e72e", "size": 284467, "path": "media/videos/Intermediate Videos_1501_1adc5cde36fe8b1c53ce.mp4"}}