{"train/psnr": 21.78123664855957, "train/loss": 0.013271084055304527, "_timestamp": 1651605176, "_runtime": 17188, "_step": 1201, "Intermediate Videos": {"_type": "video-file", "sha256": "675b5939dcda743e8a0605cef3450044ce24382c4f84131f9fbbe4a21a485f64", "size": 461232, "path": "media/videos/Intermediate Videos_1000_675b5939dcda743e8a06.mp4"}}